case,fused,fuse_time,final_R
A_base,1,5.54,0.9928578521464786
B_transfer,0,nan,0.5111968730151898
